[{"@type":"mappingTemplate","id":"@1","name":"m_ff_ff_branch_p1","description":"test map","autoExpireObject":false,"bundleVersion":"0","assetFrsGuid":"7K9rLnBIw3qdUCcVykyeiQ","templateId":"@3","deployTime":1740374425000,"hasParameters":false,"valid":true,"fixedConnection":true,"hasParametersDeployed":false,"fixedConnectionDeployed":true,"isSchemaValidationEnabled":false,"tasks":2,"mappingPreviewFileRecordId":"@2","documentType":"MAPPING","references":[{"@type":"reference","refObjectId":"@0JSgQ654Hx3ePaBFp43Foj","refType":"connection"}]}]