[{"@type":"mappingTemplate","id":"@1","name":"m_ff_ff_branch_p1","description":"test map -25","autoExpireObject":false,"bundleVersion":"0","assetFrsGuid":"1x85Z0ZiEf3jsJ8X7DS36I","templateId":"@3","deployTime":1740481004000,"hasParameters":false,"valid":true,"fixedConnection":true,"hasParametersDeployed":false,"fixedConnectionDeployed":true,"isSchemaValidationEnabled":false,"tasks":1,"mappingPreviewFileRecordId":"@2","documentType":"MAPPING","references":[{"@type":"reference","refObjectId":"@0JSgQ654Hx3ePaBFp43Foj","refType":"connection"}]}]